<?xml version="1.0" encoding="UTF-8"?>
<project-private xmlns="http://www.netbeans.org/ns/project-private/1">
    <editor-bookmarks xmlns="http://www.netbeans.org/ns/editor-bookmarks/2" lastBookmarkId="0"/>
    <open-files xmlns="http://www.netbeans.org/ns/projectui-open-files/2">
        <group>
            <file>file:/C:/Users/MMMMM/Desktop/Mahmud%20Labfinal(191-15-2527)/src/mahmud/labfinal/pkg191/pkg15/pkg2527/Fan.java</file>
            <file>file:/C:/Users/MMMMM/Desktop/Mahmud%20Labfinal(191-15-2527)/src/mahmud/labfinal/pkg191/pkg15/pkg2527/car.java</file>
            <file>file:/C:/Users/MMMMM/Desktop/Mahmud%20Labfinal(191-15-2527)/src/mahmud/labfinal/pkg191/pkg15/pkg2527/Porsche.java</file>
            <file>file:/C:/Users/MMMMM/Desktop/Mahmud%20Labfinal(191-15-2527)/src/mahmud/labfinal/pkg191/pkg15/pkg2527/AC.java</file>
            <file>file:/C:/Users/MMMMM/Desktop/Mahmud%20Labfinal(191-15-2527)/src/mahmud/labfinal/pkg191/pkg15/pkg2527/Headlights.java</file>
            <file>file:/C:/Users/MMMMM/Desktop/Mahmud%20Labfinal(191-15-2527)/src/mahmud/labfinal/pkg191/pkg15/pkg2527/igniter.java</file>
            <file>file:/C:/Users/MMMMM/Desktop/Mahmud%20Labfinal(191-15-2527)/src/mahmud/labfinal/pkg191/pkg15/pkg2527/Lamborghini.java</file>
        </group>
    </open-files>
</project-private>
